,Unnamed: 0,uri,track_name,artist,explicit,danceability,energy,key,loudness,speechiness,acousticness,instrumentalness,liveness,valence,tempo,popularity,lyrics
0,0,spotify:track:2IGMVunIBsBLtEQyoI1Mu7,Paint The Town Red,Doja Cat,True,0.868,0.538,5,-8.603,0.174,0.269,3.34e-06,0.0901,0.732,99.968,100,"[Intro: Dionne Warwick]ByWalk on byWalk on byWalk on byWalk on by[Chorus: Doja Cat]Yeah, bitch, I said what I saidI'd rather be famous insteadI let all that get to my headI don’t care, I paint the town redBitch, I said what I saidI'd rather be famous insteadI let all that get to my headI don't care, I paint the town red[Post-Chorus: Doja Cat]Mm, she the devilShe a bad lil’ bitch, she a rebelShe put her foot to the pedalIt'll take a whole lot for me to settleMm, she the devilShe a bad lil' bitch, she a rebelShe put her foot to the pedalIt'll take a whole lot for me to settle (Yeah, yeah)"
2,2,spotify:track:3rUGC1vUpkDG9CZFHMur1t,greedy,Tate McRae,True,0.75,0.733,6,-3.18,0.0319,0.256,0.0,0.114,0.844,111.018,96,"[Intro](Woo)[Verse 1]He said, ""Are you serious? I've tried, but I can't figure outI've been next to you all night and still don't know what you're aboutYou keep ta- (Ta-ta-), talkin', but not much comin' out your mouthCan't you tell that I want you?"" I say, yeah[Chorus]I would want myselfBaby, please believe meI'll put you through hellJust to know me, yeah, yeahSo sure of yourselfBaby, don't get greedyThat shit won't end wellNo, it won't end well[Interlude](Uh-uh, uh-uh-uh, uh-uh, woo)[Verse 2]I see you eyein' me down, but you'll never know much past my nameOr how I'm runnin' this room around and that I'm still half your ageYeah, you're loo- (Loo-loo-), lookin' at me like I'm some sweet escapeObvious that you want me, but I said"
4,4,spotify:track:5mjYQaktjmjcMKcUIcqz4s,Strangers,Kenya Grace,False,0.628,0.523,11,-8.307,0.0946,0.701,0.00274,0.219,0.416,169.982,96,"[Intro]Uh-huh, uh-huh, uhUh-huh, uh-huh, uhUh-huh, uh-huh, uhUh-huh, uh-huh[Verse 1]It always ends the sameWhen it was me and youBut every time I meet somebody newIt's like déjà vu (Déjà vu)I swear they sound the sameIt's like they know my skinEvery word they say sounds just like himAnd it goes like this[Chorus]We'll get in your car and you'll lean to kiss meWe'll talk for hours and lie on the backseatUh-huh, uh-huh, uhUh-huh, uh-huhAnd then one random night when everything changesYou won't reply and we'll go back to strangersUh-huh, uh-huh, uhUh-huh, uh-huh, uh"
5,5,spotify:track:1kuGVB7EU95pJObxwvfwKS,vampire,Olivia Rodrigo,True,0.511,0.532,5,-5.745,0.0578,0.177,0.0,0.291,0.35,138.005,95,"[Verse 1]Hate to give the satisfaction asking how you're doing nowHow's the castle built off people you pretend to care about?Just what you wantedLook at you, cool guy, you got itI see the parties and the diamonds sometimes when I close my eyesSix months of torture you sold as some forbidden paradiseI loved you trulyYou gotta laugh at the stupidity[Chorus]'Cause I've made some real big mistakesBut you make the worst one look fineI should've known it was strangeYou only come out at nightI used to think I was smartBut you made me look so naiveThe way you sold me for partsAs you sunk your teeth into me, ohBloodsucker, fame fuckerBleedin' me dry like a goddamn vampire[Verse 2]And every girl I ever talked to told me you were bad, bad newsYou called them crazy, God, I hate the way I called 'em crazy tooYou're so convincingHow do you lie without flinching?(How do you lie? How do you lie? How do you lie?)Oh, what a mesmerizing, paralyzing, fucked up little thrillCan't figure out just how you do it and God knows I never willWent for me and not her'Cause girls your age know better"
7,7,spotify:track:1BxfuPKGuaTgP7aM0Bbdwr,Cruel Summer,Taylor Swift,False,0.552,0.702,9,-5.707,0.157,0.117,2.06e-05,0.105,0.564,169.994,99,"[Intro](Yeah, yeah, yeah, yeah)[Verse 1]Fever dream high in the quiet of the nightYou know that I caught it (Oh yeah, you're right, I want it)Bad, bad boy, shiny toy with a priceYou know that I bought it (Oh yeah, you're right, I want it)[Pre-Chorus]Killing me slow, out the windowI'm always waiting for you to be waiting belowDevils roll the dice, angels roll their eyesWhat doesn't kill me makes me want you more[Chorus]And it's new, the shape of your bodyIt's blue, the feeling I've gotAnd it's ooh, woah-ohIt's a cruel summerIt's cool, that's what I tell 'emNo rules in breakable heavenBut ooh, woah-ohIt's a cruel summer with you[Verse 2]Hang your head low in the glow of the vending machineI'm not dying (Oh yeah, you're right, I want it)We say that we'll just screw it up in these trying timesWe're not trying (Oh yeah, you're right, I want it)"
9,9,spotify:track:7DSAEUvxU8FajXtRloy8M0,Flowers,Miley Cyrus,False,0.706,0.691,0,-4.775,0.0633,0.0584,6.99e-05,0.0232,0.632,118.048,87,"[Verse 1]We were good, we were goldKinda dream that can't be soldWe were right 'til we weren'tBuilt a home and watched it burn[Pre-Chorus]Mm, I didn't wanna leave you, I didn't wanna lieStarted to cry, but then remembered I[Chorus]I can buy myself flowersWrite my name in the sandTalk to myself for hoursSay things you don't understandI can take myself dancingAnd I can hold my own handYeah, I can love me better than you can[Post-Chorus]Can love me better, I can love me better, babyCan love me better, I can love me better, baby[Verse 2]Paint my nails cherry-redMatch the roses that you leftNo remorse, no regretI forgive every word you said"
13,13,spotify:track:4Dvkj6JhhA12EX05fT7y2e,As It Was,Harry Styles,False,0.52,0.731,6,-5.338,0.0557,0.342,0.00101,0.311,0.662,173.93,94,"[Intro]Come on, Harry, we wanna say goodnight to you[Verse 1]Holdin' me backGravity's holdin' me backI want you to hold out the palm of your handWhy don't we leave it at that?Nothin' to sayWhen everything gets in the waySeems you cannot be replacedAnd I'm the one who will stay, oh-oh-oh[Chorus]In this world, it's just usYou know it's not the same as it wasIn this world, it's just usYou know it's not the same as it wasAs it was, as it wasYou know it's not the same[Verse 2]Answer the phone""Harry, you're no good aloneWhy are you sitting at home on the floor?What kind of pills are you on?""Ringin' the bellAnd nobody's coming to helpYour daddy lives by himselfHe just wants to know that you're well, oh-oh-oh"
14,14,spotify:track:3vkCueOmm7xQDoJ17W1Pm3,My Love Mine All Mine,Mitski,False,0.504,0.308,9,-14.958,0.0321,0.868,0.135,0.158,0.121,113.95,91,"[Verse 1]Moon, a hole of lightThrough the big top tent up highHere before and after meShinin' down on meMoon, tell me if I couldSend up my heart to you?So, when I die, which I must doCould it shine down here with you?[Chorus]'Cause my love is mine, all mineI love, my, my, mineNothing in the world belongs to meBut my love, mine, all mine, all mine[Verse 2]My baby here on earthShowed me what my heart was worthSo, when it comes to be my turnCould you shine it down here for her?[Chorus]'Cause my love is mine, all mineI love, my, my, mineNothing in the world belongs to meBut my love, mine, all mineNothing in the world is mine for freeBut my love, mine, all mine, all mine"
22,22,spotify:track:4rXLjWdF2ZZpXCVTfWcshS,fukumean,Gunna,True,0.847,0.622,1,-6.747,0.0903,0.119,0.0,0.285,0.22,130.001,95,"[Intro](Ooh, Dunk Rock)[Chorus]Fuck you mean?Young Gunna Wunna back, callin' me splurgeWatch me jump right off the curbBentley Spur fly like a birdSpin on the first and the thirdSolid, I'm keepin' my wordCan't be my equal, I don't know what you heardCrank up the foreign, I swerveKeep me a stick if they purge[Bridge]Ha, ha, ha, haHa, ha, ha, ha[Verse]Fuck you mean?Young Gunna Wunna, they workin' my nervesI'm about to pour up some syrupFucking this bitch like a perv'Smack from the back, grab her permIce, the berg, uh, shittin' on all you lil' turdsCan't take that dick, wait your turnIn my own lane, we can't mergeSuck with no hands, you can learnLet's see how much you can earnWatch me go big likе the WormAnd I ain't smokin' no shermI'm in this bitch with P LiityQP, QP-skiAll of my bitches is prеtty, they showin' they titties, it's up to the ceilin'I let her run through a million, I rock with her really, let's fuck on a billionI'ma get down to the gritty, then fuck up the city, the home of the villainsEcstasy, wonderful feelin'Smoke out the pound when I'm chillin'Trappin', I made me a killin'Look, I got everybody wishin'I hope you play your positionI don't want nobody listenin'I see the ho with precisionGet rich my only decision"
23,23,spotify:track:5sdQOyqq2IDhvmx2lHOpwd,Super Shy,NewJeans,False,0.776,0.817,5,-6.018,0.0748,0.18,3.44e-05,0.146,0.515,149.921,92,"[뉴진스 ""Super Shy"" 가사][Chorus: Danielle, Hyein, Hanni, Haerin]I'm super shy, super shyBut wait a minute while I make you mine, make you mine떨리는 지금도, you're on my mind all the timeI wanna tell you but I'm super shy, super shyI'm super shy, super shyBut wait a minute while I make you mine, make you mine떨리는 지금도, you're on my mind all the timeI wanna tell you but I'm super shy, super shy[Verse 1: Hyein, Minji]And I wanna go out with youWhere you wanna go? (Huh?)Find a lil spot, just sit and talkLooking pretty, follow me우리 둘이 나란히보이지? (봐)내 눈이 (Heh)갑자기, 빛나지When you say I'm your dream[Refrain: Hanni, Danielle, Minji]You don't even know my name, do ya?You don't even know my name, do ya?누구보다도"
24,24,spotify:track:36I3zoyOK2pbpakqesPj4U,My Ghost,RIELL,False,0.56,0.443,3,-8.827,0.048,0.324,2.99e-06,0.0989,0.169,149.765,46,"[Verse]You taste like sinI wish I couldn’t rememberYour touch wickedI’m haunted by your lips on my skin[Chorus]My Ghost, I can’t shake youMy Ghost, I feel you in my bonesNo matter where I run toNo matter where I goMy Ghost, I still feel you[Verse]Your love is cheapSo one-sided, so conditioned, so greedyBut still I let you bleed me dryYour best defense made in the back of my mind[Chorus]My Ghost, I can’t shake youMy Ghost, I feel you in my bonesNo matter where I run toNo matter where I goMy Ghost, I still feel you"
26,26,spotify:track:3xIMkM5LgbVDkpO74O3Np3,Rush,Troye Sivan,True,0.742,0.839,5,-7.614,0.0618,0.00306,4.2e-05,0.106,0.346,126.03,88,"[Intro]I feel the rushAddicted to your touch[Verse 1]Big communication, tell me what you wantTranslate your vibration, let your body talk to meBaby love, if you wanna show me whatYou've been schemin' up, if you wanna (Let go)Trust the simulation, don't you let it breakEvery stimulation, promise I can takeWhat you wanna give? Boy, you better show me whatYou've been schemin' up[Pre-Chorus]You got my heartbeat racin'My body blazin'[Chorus]I feel the rushAddicted to your touchOh, I feel the rushIt's so good, it's so goodI feel the rushAddicted to your touchOh, I feel the rushIt's so good, it's so good"
27,27,spotify:track:1Qrg8KqiBpW07V7PNxwwwL,Kill Bill,SZA,False,0.644,0.735,8,-5.747,0.0391,0.0521,0.144,0.161,0.418,88.98,91,"[Verse 1]I'm still a fan even though I was saltyHate to see you with some other broad, know you happyHate to see you happy if I'm not the one drivin'[Pre-Chorus]I'm so mature, I'm so matureI'm so mature, I got me a therapist to tell me there's other menI don't want none, I just want youIf I can't have you, no one should[Chorus]I mightI might kill my ex, not the best ideaHis new girlfriend's next, how'd I get here?I might kill my ex, I still love him thoughRather be in jail than alone[Verse 2]I get the sense that it's a lost causeI get the sense that you might really love herThis text gon' be evidence, this text is evidenceI tried to ration with you, no murders or crime of passion, but damnYou was out of reachYou was at the farmer's market with your perfect peachNow I'm in the basement plannin' home invasionNow you layin' face-down, got me singin' over a beat"
29,29,spotify:track:41WQUSINanQHfhfKpFDsms,Used To Be Young,Miley Cyrus,False,0.451,0.632,4,-3.843,0.0475,0.6,0.0,0.139,0.455,147.06,84,"[Verse 1]The truth is bulletproof, there's no foolin' youI don't dress the sameMe and who you say I was yesterdayHave gone our separate waysLeft my livin' fast somewhere in the past'Cause that's for chasin' carsTurns out open bars lead to broken heartsAnd goin' way too far[Chorus]I know I used to be crazyI know I used to be funYou say I used to be wildI say I used to be youngYou tell me time has done changed meThat's fine, I've had a good runI know I used to be crazyThat's 'causе I used to be young[Verse 2]Take onе, pour it out, it's not worth cryin' 'boutThe things you can't eraseLike tattoos and regrets, words I never meantAnd ones that got awayLeft my livin' fast somewhere in the pastAnd took another roadTurns out crowded rooms empty out as soonThere's somewhere else to go, oh-oh"
33,33,spotify:track:2Rn2ocU7jk8BqFoh6zwf1Y,Got Me Started,Troye Sivan,True,0.768,0.691,7,-6.489,0.0314,0.18,0.00171,0.374,0.543,127.003,83,"[Verse 1]He's got the personality not even gravity could ever hold him downHe's got the sexuality of a man who can take a room and drown it outYeah[Pre-Chorus]Inchin' closer to sunriseNow we're standin' eye to eyeI wanna tell you what's on my—On my mind (Let's go)[Chorus]You just got me startedAnd I don't think I can stop itAnd I don't wanna go home alone, alright?Oh, baby, babyBoy, can I be honest?Kinda miss usin' my bodyFuck it up just like this party did tonightOh, baby, baby[Post-Chorus]Yeah, yeahI want it, grip you tightI've seen enough of your bodyCome back and feel the vibe"
35,35,spotify:track:6Py0YyWzj4Hb0MO64jAJQr,all of you,Gloria Kim,False,0.637,0.723,1,-5.801,0.0711,0.0486,0.0,0.169,0.228,120.056,49,"[Verse 1]I was the one to build you upI was the only one in this townI cradled your egos and your bluffsMade you so untouchableThat's what I'd do[Pre]When I was ride or dieTil you went astrayBarely took some monthsFor you to changeNow you're really onto someone newAfter what I made of you[Chorus]Now somebody's getting all your timeSomebody's voice is on your lineSomebody's in your bed tonightSomebody's getting you, youOh all of you[Verse 2]There you go running your mouthThinking I did the sameSo here I am laying it outTo set the record straightHow could I evеr hold you downFrom a different stateHow you point your fingеrAs if I'm the cheater"
40,40,spotify:track:19eUFBAnHBuTz6TCJXhu7h,American Town,Ed Sheeran,False,0.74,0.652,0,-5.668,0.0601,0.736,0.0,0.348,0.715,105.025,75,"[Verse 1]We're a long way from homeHaven't seen you in so longBut it all came back in one momentAnd the year started coldBut I didn't notice at allWhen we found there's a room we're both in[Pre-Chorus]We get Chinese food in small white boxesLive the life we saw in FriendsYour room, it barely fits the mattressWake up, leave for work againThe wind, it seems to blow right through usDown jackets are the trendThe rush of rushing deep into love[Chorus]English girl in an American townNo elevator to the fifth floorI'll ring on the buzzer, then you'll be right downI wish time would freezeDungarees over the hoodie, we're outFeet are three feet off the groundLost in love and we don't wanna be foundIt's just you and meMy English girl in an American townIn an American town"
43,43,spotify:track:7ABLbnD53cQK00mhcaOUVG,LALA,Myke Towers,True,0.708,0.737,1,-4.045,0.0436,0.0739,0.00162,0.0955,0.607,91.986,97,"[Letra de ""LALA""][Intro]La-la-la-la-la-la (Full Harmony)La-la-la-la-la-laLa-la-la-la-la-laLa-la-la-la[Verso 1]Todo está bien, no te tienes que estresarA ti yo sola no te dejaréMe enchulé la primera vez que la viMe enamoré cuando con ella bailéDesde hace rato se quería pegarPuso la espalda contra la paredY si yo bajo sabe qué le haré[Estribillo]La-la-la-la-la-laTú quieres, mami (La-la-la-la-la-la)Se le viran los ojo' (La-la-la-la-la-la)La miro y se relambe (La-la-la-la-la-la)El pintalabio' rojo (La-la-la-la-la-la)Esa cintura suelta (La-la-la-la-la-la)Baby, si yo te cojo (La-la-la-la-la-la)Te subo a la altura (La-la-la-la-la-la)Tú dime y te recojo (La-la-la-la-la-la)"
46,46,spotify:track:0V3wPSX9ygBnCm8psDIegu,Anti-Hero,Taylor Swift,False,0.637,0.643,4,-6.571,0.0519,0.13,1.8e-06,0.142,0.533,97.008,92,"[Verse 1]I have this thing where I get older, but just never wiserMidnights become my afternoonsWhen my depression works the graveyard shift, all of the peopleI've ghosted stand there in the room[Pre-Chorus]I should not be left to my own devicesThey come with prices and vicesI end up in crisis(Tale as old as time)I wake up screaming from dreamingOne day, I'll watch as you're leaving'Cause you got tired of my scheming(For the last time)[Chorus]It's me, hiI'm the problem, it's meAt teatime, everybody agreesI'll stare directly at the sun, but never in the mirrorIt must be exhausting always rooting for the anti-hero[Verse 2]Sometimes, I feel like everybody is a sexy babyAnd I'm a monster on the hillToo big to hang out, slowly lurching toward your favorite cityPierced through the heart, but never killed"
50,50,spotify:track:2i2gDpKKWjvnRTOZRhaPh2,Moonlight,Kali Uchis,False,0.639,0.723,7,-6.462,0.0532,0.511,0.0,0.167,0.878,136.872,88,"[Chorus]I just wanna get high with my loverVeo una muñeca cuando miro en el espejoKiss, kiss, looking dolly, I think I may go out tonightI just wanna ride, get high in the moonlightI just wanna get high with my loverVeo una muñeca cuando miro en el espejoKiss, kiss, looking dolly, I think I may go out tonightI just wanna ride, get high in the moonlight[Verse 1]Forget the small talkThe surface level ain't much that I care forPutting on my lip glossI saw you stare from my peripheral, yeah[Pre-Chorus]Baby, it's been a hell of a dayBut I know a place we can escapeFind out how it feels to let go of everything, be freeWhen you're here with me[Chorus]I just wanna get high with my loverVeo una muñeca cuando miro en el espejoKiss, kiss, looking dolly, I think I may go out tonightI just wanna ride, get high in the moonlightI just wanna get high with my loverVeo una muñeca cuando miro en el espejoKiss, kiss, looking dolly, I think I may go out tonightI just wanna ride, get high in the moonlight"
52,52,spotify:track:5CzK4nw6SEOwx9rK1fs6eX,back to the start,Gloria Kim,False,0.472,0.81,1,-8.022,0.0604,0.0856,4.06e-05,0.166,0.137,100.249,49,"[Verse 1]All of the dreams that we sharedThat we heldUnder stars so young and reckless with you babeNot too long agoWe’d talk about life in LABuy a houseStart a family in the city with you babeTell me how’d we go our separate way[Pre]When I gave it all just to wreck your doubtsGuess they wouldn’t burn out[Hook]So how do we go from strangersTo lovers than back to strangers over timeDidn’t I, didn’t I, didn’t I know any betterNow we don’t know each otherAnd you’re just another reminder of the heistThen it’s back to the start again[Post]Ooo[Verse 2]And every moment since youI wonder if we meant toFall apartWhen sometime agoWe’d sit out on your roof topMake out in some parking lotWe played our partTell me how’d we go our separate way"
53,53,spotify:track:2NbsBSshscKIPRG3kwBbfo,Never Felt So Alone,Labrinth,False,0.436,0.409,5,-4.438,0.0533,0.499,0.000166,0.38,0.363,98.357,78,"[Intro: Labrinth]Oh-oh, oh-ohOh-oh, oh-oh[Chorus: Labrinth, Labrinth & Billie Eilish]And I never felt so alone, felt so alone, na-naAnd I never felt so alone, felt so alone, na-naAnd I never felt so alone, felt so alone, na-naAnd I never felt so alone, felt so alone, na-na[Verse 1: Labrinth, Labrinth & Billie Eilish, Billie Eilish]In a whip (Woah), thinkin', ""What if (Woah)You and this (Woah) never existed?""Hollow kiss (Woah), bottle liquor (Oh)Man, I'm sick, man, I'm schizo[Pre-Chorus: Labrinth, Labrinth & Billie Eilish]All white leatherYou know this man ain't shit without you in the interior (I'm dyin' somewhere in the dark)All white leatherAnd I think, ""What if we weren't ridin' and dyin' together?""The whole world would fall apart[Chorus: Labrinth & Billie Eilish, Billie Eilish, Labrinth]And I never felt so alone, felt so alone, na-na (Never felt so alone, woo! Alone)And I never felt so alone, felt so alone, na-na"
54,54,spotify:track:4TNFLwe6DhtR3Wn1JKMqMJ,Makeba,Jain,False,0.825,0.663,2,-9.414,0.0687,0.423,0.415,0.286,0.417,116.051,79,"[Intro]Ooh-eeOoh-ee[Chorus]Ooh-ee, MakebaMakeba, ma che bellaCan I get a ""ooh-ee""? MakebaMakes my body dance for youOoh-ee, MakebaMakeba, ma che bellaCan I get a ""ooh-ee""? MakebaMakes my body dance for youOoh-ee, MakebaMakeba, ma che bellaCan I get a ""ooh-ee""? MakebaMakes my body dance for youOoh-ee, MakebaMakeba, ma che bellaCan I get a ""ooh-ee""? MakebaMakes my body dance for you[Verse 1]I wanna hear your breath just next to my soulI wanna feel oppressed without any restI wanna see you sing, I wanna see you fight'Cause you are the real beauty of human right"
59,59,spotify:track:5L3ecxQnQ9qTBmnLQiwf0C,K-POP,Travis Scott,True,0.814,0.618,5,-5.614,0.0619,0.0386,3.34e-06,0.671,0.535,121.075,87,"[Intro: Travis Scott]Gonna pop, babyVemo'[Verse 1: Travis Scott]Swish, lit (Lit)Move that shit out here (Here)You full off one sip (Sip)Fallin' off but I got grip (Grip)All around the trap, it hit (Hit, hit, ayy)All around the map, you trip (Skrrt)Take it like nine out of ten (Yeah)Think they gon' find that againThink I gotta bond out againBehind the tint, I sin, I ventCan't forget about that place we wentRight after you put that in my headDo you still pop 'em? Do you dance?Do you still drop some'? Know you canI got a lot but I'm still chancin'[Verse 2: Bad Bunny]Yeah-yeah, yeah, yeahHace tiempo no te veo, ehEs que ahora en Miami jangueo, eh, ehYa no tengo la RodeoAhora en la G-Wagon me posteo, eyY te lo meto al frente 'e la playaComo aquello' tiempo' de camino a MayaTú ni fumaba' y chingando te arrebatéDale, no pierdas tiempo, no lo piense', trépateTú bien loca, loca, yo bien loco, locoSi ahora tu mai nos pilla, me pide una fotoLa nota me explota, el ticke' lo explotoVamo' pa' Cayo Musha, ya le texteé al piloto, eh-eh"
60,60,spotify:track:2N0SPREDYqILVEFSsWF5N5,Love Me Again,V,False,0.633,0.607,0,-6.182,0.0532,0.183,1.38e-06,0.167,0.363,74.029,91,"[뷔 ""Love Me Again"" 가사][Verse 1]추억도 의미 없이내게 넌 사라지고이쯤에도 I can't let you go, let you go그 말이 다인 거니?한마디만 남기고?후회하면Won't you let me know?Let me know?[Pre-Chorus]그래 나 솔직하게다 말할래너는 매일 어떤 사람 어떤 곳에몇 번씩이나 뭘 하는지 널 생각해Lost without you, baby[Chorus]I wish you would love me againNo, I don't want nobody elseI wish you could love me again, againI wish you would love me againNo, I don't want nobody elseI wish you could love me again, again"
61,61,spotify:track:11xC6P3iKYpFThT6Ce1KdG,Attention,Doja Cat,True,0.759,0.567,2,-7.911,0.248,0.118,0.0278,0.105,0.421,87.981,79,"[Pre-Chorus]Baby, if you like it, just reach out and pet itThis one doesn't bite, it doesn't get aggressiveShow you how to touch it, hold it like it's preciousIt don't need your lovin', it just needs attention[Chorus](Love me) It needs, it seeks affection(So sweet) Hungry, it fiends attention(Hungry) It needs, it seeks affection(Baby) Hungry, it fiends (Yeah, yeah)[Verse 1]Look at me, look at me, you lookin'?My taste good, but I just had to redirect my cookin'I coulda been an opener, I redirect the bookin'I readed all the comments sayin', ""D, I'm really shooketh""""D, you need to see a therapist, is you lookin'?""Yes, the one I got, they really are the bestNow I feel like I can see you bitches is depressedI am not afraid to finally say shit with my chestLost a lil' weight, but I ain't never lost a tushyLookin' good, but now my bald head match myLookin' good, but now they all sayin' that I'm uglyBoo-hoo, my nigga, I ain't sad you won't fuck meI'm sad that you really thought your ass was above meYou're lucky 'cause I just paid your bill with a replyI just made your money pile knee-highI just made your stats peak, now you got a blue checkNow you can afford to go and reinstall a new wigNow you can afford to not be lousy, go and do shitTalk your shit about me, I can easily disprove it, it's stupidYou follow me, but you don't really care about the music"
62,62,spotify:track:1yKgyRfo0B1RxLVnxU12iK,Heaven Tonight,Jaeger,False,0.599,0.833,1,-4.729,0.0554,0.0151,2.76e-05,0.24,0.474,106.05,46,[Verse 1]Out in the moonlightCaught up in your eyesMy heart open wideYeahLike we back in the 80’sDiamonds on the dailyYour love going crazy[Pre-Chorus]I’ll never let you go (never let you go)You’ll never be alone (never be alone)Girl I need you by my side (need you by my side)Wanna look into your eyes[Chorus]Oh II’ll be your heaven tonightI’ll be your heaven tonightOh II’ll be in heaven tonightI’ll be in heaven tonightYeah
63,63,spotify:track:26b3oVLrRUaaybJulow9kz,People,Libianca,False,0.573,0.422,10,-7.621,0.0678,0.551,1.31e-05,0.102,0.693,124.357,88,"[Intro: Libianca]Oh-oh-oh-ohMhmm, mhmmFrom Bamenda, it's LibiancaOh-oh (A-yo, Mage, you made a bang)[Refrain: Libianca]I've been drinking more alcohol for the past five daysDid you check on me?Now, did you look for me?I walked in the room, eyes are red and I don't smoke bangaDid you check on me? (Did you check on me?)Now, did you notice me?[Verse 1: Libianca]Nobody wey know the paranoia oh'Cause I put a smile on my faceA façade you can never face (Ooh)And if you don't know me well, well, ohYou won't see how buried I am inside my graveInside my grave[Chorus: Libianca]'Cause you see peoplе, people, peoplе, peopleDon't really know youThey don't really know you'Cause you see people, people, peopleThey don't really know youThey don't really know—"
64,64,spotify:track:7ro0hRteUMfnOioTFI5TG1,WHERE SHE GOES,Bad Bunny,True,0.652,0.8,9,-4.019,0.0614,0.143,0.629,0.112,0.234,143.978,93,"[Letra de ""WHERE SHE GOES""][Coro]Baby, dime la verdadSi te olvidaste de míYo sé que fue una noche na' má'Que no se vuelve a repetirTal ve' en ti quise encontrarLo que en otra perdíTu orgullo no me quiere hablarEntonce' vamo' a competir, a ver, ey[Verso 1]No me gusta perder (Ey), dime qué vamo' a hacerMe paso mirando el cel (Ah), wow, no puede ser (No, no)Aunque me tarde un poco, juro que vo'a responderQuisiera volverte a verQuisiera volverte a ver encima de mí brincando, uh, uh, uhLo rica que te ves chingando, uh, uh, uh (Ey, ey)No sé qué estamo' esperando (Dime)El orgullo nos está ganando, ey[Coro]Baby, dime la verdadSi te olvidaste de míYo sé que fue una noche na' má'Que no se vuelve a repetirTal ve' en ti quise encontrar, eyLo que en otra perdíTu orgullo no me quiere hablarEntonce' vamo' a competir, a ver, ey"
68,68,spotify:track:0LzidBf7cUsnZnG34OUPSF,Mosquito,PinkPantheress,False,0.71,0.899,11,-4.032,0.118,0.0857,0.112,0.189,0.555,162.927,75,"[Refrain]On a Monday, can I see you?Can I check my numbers? 'Cause I want toI know it's annoyin' how much I doSpendin' you the day that I want, the day that I wantAnother day then, maybe Tuesday?Can I spend a fortune? 'Cause I want toI know it's appallin' how I lose youSpendin' every day that I want, the day that I wantWhat happened to me?[Chorus]'Cause I just had a dream I was deadAnd I only cared 'cause I was taken from youYou're the only thing that I ownI hear my bell ring, I'd only answer for you[Post-Chorus](La-la-la-la-la-la-la-la, la-la, la-la, la-la, la-la)[Verse]I had prayed out loud and, Lord, you answered me too earlyI was too young startin' out, now I'm too scared that you might leave meI feel like I'm still a child because I always cross my fingersNow you're sittin' in accounts 'cause I'm too scared to take you outNow save me"
69,69,spotify:track:5LrN7yUQAzvthd4QujgPFr,Here With Me,d4vd,False,0.571,0.458,4,-9.283,0.0258,0.544,9.27e-05,0.123,0.299,132.025,90,"[Verse 1]Watch the sunrise along the coastAs we're both getting oldI can't describe what I'm feelingAnd all I know is we're going homeSo, please don't let me goDon't let me go[Chorus]And if it's right, I don't care how long it takesAs long as I'm with you, I've got a smile on my faceSave your tears, it'll be okayAll I know is you're here with me[Post-Chorus]Ooh-ooh, oh, oh-ohOh-oh-oh-oh-oh[Verse 2]Watch the sunrise as we're getting old, oh-ohI can't describe, oh-ohI wish I could live through every memory againJust one more time before we float off in the windAnd all the time we spent waiting for the light to take us inHave been the greatest moments of my life"
71,71,spotify:track:3YfGTvsTAWGC2lgoDOikUz,One in a Million,Bebe Rexha,False,0.454,0.931,11,-4.083,0.0321,0.238,0.000623,0.289,0.462,137.945,83,"[Intro]Ah, you're my[Chorus]You're my one, one, one in a millionIt's like someone picked you outta the skyMaybe I met you for a reasonAnd I can't believe that we're both alive at the same timeIs this Heaven now? Am I dreamin' out? Am I dreamin'?You're my one, one, one in a millionAnd I can't believe that we're both alive at the same time[Build]And I can't believe that wе're both alive at the samе time[Drop][Verse](Ah)You got me speedin' through the red lightsYeah, I'm on my wayWe do it 'cause it feels rightYeah, you got me so[Pre-Chorus]HighI tripped and found paradiseNo lieI tripped and found paradise in your eyesIn your eyes, in your eyesIn your eyes, in your eyes (In your eyes, in your eyes)In your eyes"
72,72,spotify:track:5w40ZYhbBMAlHYNDaVJIUu,Chemical,Post Malone,True,0.498,0.897,2,-4.907,0.045,0.00136,0.0,0.118,0.373,169.902,88,"[Verse 1]Oxytocin makin' it all okayWhen I come back down, it doesn't feel the sameNow, I'm sittin' 'round waitin' for the world to end all day'Cause I couldn't leave you if I tried[Pre-Chorus]You break me, then I break my rulesLast time was the last time tooIt's fucked up, I know, but I'm still[Chorus]Outside of the party, smokin' in the car with youSeven-nation army fightin' at the bar with youTell you that I'm sorry, tell me what I gotta do'Cause I can't let go, it's chemicalNo, I can't let go, it's chemical[Verse 2]Every time I'm ready to make a change (Mhm)You turn around and fuck out all my brains (Woo)I ain't tryna fight fate, it's too late to save faceI can't get away, maybe there's no mistakes (Maybe there's no mistakes)[Pre-Chorus]You break me, then I break my rulesLast time was the last time tooIt's fucked up, I know, but I'm still, still"
74,74,spotify:track:0JXXNGljqupsJaZsgSbMZV,Sure Thing,Miguel,False,0.684,0.607,11,-8.127,0.1,0.0267,0.000307,0.191,0.498,81.001,89,"[Intro]Love you like a brotherTreat you like a friendRespect you like a lover[Refrain]Oh-ooh-oh, oh-ooh-oh, oh-ooh-oh (You could bet that, never gotta sweat that)Oh-ooh-oh, oh-ooh-oh, oh (You could bet that, never gotta sweat that)Yeah, yeah, yeah (You could bet that, never gotta sweat that)(You could bet that, never gotta sweat that) Yeah[Verse 1]If you be the cash, I'll be the rubber bandYou be the match, I will be a fuse, boom!Painter, baby, you could be the museI'm the reporter, baby, you could be the news'Cause you're the cigarette and I'm the smokerWe raise a bet 'cause you're the jokerChecked off, you are the chalkAnd I could be the blackboard, you can be the talkAnd I can be the walk, yeah-eah[Chorus]Even when the sky comes fallin'Even when the sun don't shineI got faith in you and ISo put your pretty little hand in mineEven when we're down to the wire, babeEven when it's do or dieWe could do it, baby, simple and plain'Cause this love is a sure thing, yeah"
75,75,spotify:track:6dgUya35uo964z7GZXM07g,Nonsense,Sabrina Carpenter,False,0.74,0.697,8,-4.912,0.034,0.0268,0.0,0.224,0.732,138.992,90,"[Intro]Oh-oh, oh-oh, oh-oh (Oh-oh, la-la)Da-ah, ah-ah, ah-ah-ahUh-huh, uh-huh, uh-huh, uh-huhYeah[Verse 1]Think I only want one number in my phoneI might change your contact to ""Don't Leave Me Alone""You said you like my eyes and you like to make 'em rollTreat me like a queen, now you got me feelin' thrown, oh[Pre-Chorus]But I can't help myself when you get close to meBaby, my tongue goes numb, sounds like ""bleh-blah-blee""I don't want no one else (No, no), baby, I'm in too deepHere's a lil' song I wrote (A song I wrote), it's about you and me (Me)[Chorus]I'll be honestLookin' at you got me thinkin' nonsenseCartwheels in my stomach when you walk inAnd when you got your arms around meOh, it feels so goodI had to jump the octaveI think I got an ex, but I forgot himAnd I can't find my chill, I must've lost itI don't even know, I'm talkin' nonsenseI'm talkin', I'm talkin' (Ah-ah-ah-ah)"
77,77,spotify:track:5YqEzk3C5c3UZ1D5fJUlXA,Sunroof,Nicky Youre,False,0.768,0.714,10,-5.11,0.0401,0.352,0.0,0.15,0.842,131.443,86,"[Intro]La-da, la-da-da, la-da-daLa-da, la-da-di-da-da, la-da-da-da-daLa-da, la-da-da, la-da-daLa-da, la-da-di-da[Chorus]I got my head out the sunroofI'm blastin' our favorite tunesI only got one thing on my mindYou got me stuck on the thought of youYou're makin' me feel brand newYou're more than a sunshine in my eyes[Verse]You got those pretty eyes in your head, you know itYou got me dancin' in my bed, so let me show itYou are exactly what I want, kinda cool and kinda notWanna give myself to you[Pre-Chorus]Yeah, we're drivin' down the freeway at nightI only got one thing in the back of my mind(You got me stuck on the thought of you)I'm feelin' like this might be my time to shineWith you, with you, with you"
78,78,spotify:track:1w4ft7YXphWqyk6DpaY290,Happy For You,RIELL,False,0.769,0.733,8,-4.82,0.0409,0.0654,0.0,0.143,0.834,129.98,49,"[Verse]I saw a letter with a heart in your bioAnd now it’s half a year since we last spokeSo why did it land like a knockout blow?Oh I try but I spiral (here we go)[Pre Chorus]Do you know her favorite songs, make nicer jokes?Do you dance around the kitchen and kiss her slow?I heard you’re loving her the way you couldn’t love meI heard you’re choosing her over everybody[Chorus]And now I try to be happy for youI heard you found somebody, somebody newAnd I know it’s the right thing to doBut you give her all the love, the love I gave to youAnd it’s killing me, killing meTo be happy for you, I’m not happy for youI try to be, try to beSo happy for you, I’m not happy for you[Verse]Guess I’m falling down the rabbit holeUndoing all my moving onOverthinking things I can’t controlCause I could give the world and it’d be not enough"
79,79,spotify:track:6UN73IYd0hZxLi8wFPMQij,Players,Coi Leray,True,0.954,0.516,6,-5.817,0.16,0.03,7.54e-06,0.0504,0.624,105.001,81,"[Chorus]Yeah, 'cause girls is players tooUh, yeah, yeah, 'cause girls is players too (Keep it player, baby)'Cause girls is players tooBitches gettin' money all around the world 'cause girls is players too[Verse 1]What you know about livin' on the top?Penthouse suites, lookin' down on the oppsTook him for a test drive, left him on the lotTime is money, so I spent it on a watchHold on, lil' titties showin' through the white teeYou can see the thong bustin' out my tight jeans (Okay)Rocks on my fingers like a nigga wifed meGot another shorty? She ain't nothin' like me[Refrain]Yeah, 'bout to catch another flightYeah, the apple bottom make him wanna biteYeah, I just wanna have a good nightI just wanna have a good nightHold up, if you don't know, now you knowIf he broke, then you gotta let him goYou could have anybody, eeny, miny, moe'Cause when you a boss, you could do what you want"
81,81,spotify:track:2L9N0zZnd37dwF0clgxMGI,ceilings,Lizzy McAlpine,False,0.516,0.322,9,-11.762,0.0292,0.473,0.00194,0.215,0.261,148.005,86,"[Verse 1]Ceilings, plasterCan't you just make it move faster?Lovely to be sitting here with youYou're kinda cute but it's raining harderMy shoes are now full of waterLovely to be rained on with youIt's kinda cute but it's so short[Chorus]Then you're driving me homeAnd I don't wanna leaveBut I have to goYou kiss me in your carAnd it feels like the start of a movie I've seen beforeBefore[Verse 2]Bed sheets, no clothesTouch me like nobody else doesLovely to just lay here with youYou're kinda cute and I would say all of thisBut I don't wanna ruin the momentLovely to sit between comfort and chaos[Chorus]But it's overThen you're driving me homeAnd it kinda comes out as I get up to goYou kiss me in your carAnd it feels like the start of a movie I've seen before"
82,82,spotify:track:7aDxQPHQmH5YZGf9yxIRnn,Falling Apart,Besomorph,False,0.738,0.678,7,-6.107,0.0406,0.303,0.0,0.272,0.264,110.023,49,"[Verse 1]Puzzle pieces falling to the floorTry to fit together butEvery time we try we fall apart[Pre-Chorus]OooohTry to run away but I don’t know what to doYeah[Chorus]CauseWe keep falling in love, falling in loveI try to quitMy heart just can’t get enough, can’t get enoughWith all these issuesWe keep falling in love, falling in loveI’m begging you to hold meEven if it hurts me[Verse 2]Waiting for the day to turn to nightLose our inhibitionsHow come feeling wrong can feel so right[Pre-Chorus]OooohTry to run away but I don’t know what to doYeah"
83,83,spotify:track:4C6Uex2ILwJi9sZXRdmqXp,Super Freaky Girl,Nicki Minaj,True,0.95,0.891,2,-2.653,0.241,0.0645,1.77e-05,0.309,0.912,133.01,77,"[Intro: Rick James & Nicki Minaj]She's alrightThat girl’s alright with me, yeahAyo (Hey, hey, hey, hey)[Pre-Chorus: Nicki Minaj]I can lick it, I can ride it while you slippin' and slidin'I can do all them little tricks and keep the dick up inside itYou can smack it, you can grip it, you can go down and kiss itAnd every time he leave me ’lone, he always tell me he miss it[Chorus: Nicki Minaj & Rick James]He want a F-R-E-A-K (Freaky girl)F-R-E-A-K (Freaky girl)A-K, A-K, A-KE-A-K (Freaky girl)F-R-E-A-K (Freaky girl)[Verse 1: Nicki Minaj]One thing about me, I'm the baddest aliveHe know the prettiest bitch didn't come until I arriveI don't let bitches get to me, I fuck they man if they tryI got a princess face, a killer body, samurai mindThey can't be Nicki, they so stupid, I just laugh when they tryA thong bikini up my ass, I think I'll go for a diveHis ex-bitch went up against me, but she didn't surviveOn applications I write ""pressure"" 'cause that’s what I apply (Brr)P-P-P-Pressure applied, can’t fuck a regular guyWetter than umbrellas and stickier than apple pie"
84,84,spotify:track:1q4BCQssFe74UJmnWt5lov,Lipstick,Charlie Puth,False,0.783,0.451,5,-9.195,0.0607,0.36,2.11e-06,0.0975,0.622,92.483,74,"[Chorus]Come and put your lipstick on my neck and my body (My baby)Just to show these bitches that you're mine (Mmh-ooh)Lipstick on my collar, show 'em you ain't no hobby (My baby)You're the one who gets it all the time (Ooh-ooh)[Verse 1]Baby, I think it's time we post a pictureTell your momma and your sister you got a man'Cause I'm your man (Yeah)And lately, I've been thinkin' 'bout the futureWe can make it more than rumorsThat I'm your man 'cause I'm your man (Yes)[Pre-Chorus]So you can go ahead and be selfishBaby, there ain't no reason to be jealousYeah, if you really want it, you don't gotta hold your tongue[Chorus]Come and put your lipstick on my neck and my body (My baby)Just to show these bitches that you're mine (Mmh-ooh)Lipstick on my collar, show 'em you ain't no hobby (My baby)You're the one who gets it all the time (Ooh-ooh)[Verse 2]Baby, I know this might sound kinda crazy, butWhat would you want to name the baby?No, I'm just playin', but I'm just sayin'The moon, the stars, I'll raise the barI stay kissing you in public and holdin' your hand'Cause I'm your man"
85,85,spotify:track:0QHEIqNKsMoOY5urbzN48u,Made You Look,Meghan Trainor,False,0.838,0.525,10,-3.562,0.0665,0.345,1.92e-06,0.0771,0.884,144.981,85,"[Chorus]I could have my Gucci onI could wear my Louis VuittonBut even with nothin' onBet I made you look (I made you look)[Verse 1]I'll make you double take soon as I walk awayCall up your chiropractor just in case your neck breakOoh, tell me what you, what you, what you gon' do, ooh'Cause I'm 'bout to make a scene, double up that sunscreenI'm 'bout to turn the heat up, gonna make your glasses steamOoh, tell me what you, what you, what you gon' do, ooh[Pre-Chorus]When I do my walk, walkI can guarantee your jaw will drop, drop'Cause they don't make a lot of what I got, gotLadies, if you feel me, this your bop, bop (Bop, bop, bop)[Chorus]I could have my Gucci on (Gucci on)I could wear my Louis VuittonBut even with nothin' onBet I made you look (I made you look)Yeah, I look good in my Versacе dress (Take it off)But I'm hotter whеn my morning hair's a mess'Cause even with my hoodie onBet I made you look (I made you look)Mhm-hm-hm"
88,88,spotify:track:3b5MPNYlX8ztJowxAwzTai,Winner,Conan Gray,False,0.425,0.51,0,-4.838,0.0291,0.118,0.0,0.342,0.159,139.972,76,"[Verse 1]Packed my bags at fourteenI hadn't planned on leavingBut you haven't been back home for daysThe pots and pans and roachesThey're glad I'm finally goin''Cause, even them, they shudder at your name[Pre-Chorus]You don't really want to hear the truth, do you?It's obvious to anyone who ever knew youThat all you ever want is to be rightEven if that means you gotta lie to do itThe only thing you've proven[Chorus]Is that there's no oneWho ever has done betterAt makin' me feel worseNow you rеally are the winnerYеah, there's nothingThat ever did quite kill meMore than what you didNow you really are the winnerTake a bow 'cause you're the winner"
89,89,spotify:track:4FyesJzVpA39hbYvcseO2d,Just Wanna Rock,Lil Uzi Vert,True,0.486,0.545,11,-7.924,0.0336,0.0652,0.00474,0.0642,0.0385,150.187,83,"[Intro]Ah, ah, ah, ahAh, ah, ahI just wanna rockBody-ody, yeah (Shake it down)[Chorus]DamnDamn(MC, make another hit) WoahThis ain't what you want (Project-Project X)This ain’t what you wantThis ain't what you want[Verse]Ha, 1600 block, I just wanna rock (Shake it down)I just wanna, ah, ah, ah, ah, ah, ah, ahI just wanna rock, body-ody, yeah (Shake it down)Shawty got that body-ody, ah, ah, ah (Shake it down)Hit it once, no ties (Shake it-shake it)How the fuck you gon' kill my vibe? (Shake it down)Stand on my money, don’t know my size (Shake it-shake it)Pick them sides, and you better choose wisely (Shake it-shake it down-down)That's my high, one, two, three, four, throw up the five  (Shake it-shake it)That's my high"
92,92,spotify:track:3p7XQpdt8Dr6oMXSvRZ9bg,Eyes Closed,Ed Sheeran,False,0.793,0.52,11,-7.457,0.0696,0.246,0.0,0.0878,0.309,107.014,85,"[Verse 1]I know it's a bad ideaBut how can I help myself?Been inside for most this yearAnd I thought a few drinks, they might helpIt's been a while, my dearDealin' with the cards life dealtI'm still holdin' back these tearsWhile my friends are somewhere else[Pre-Chorus]I pictured this year a little bit different when it hit FebruaryI step in the bar, it hit me so hard, oh, how can it be this heavy?Every song reminds me you're gone and I feel thе lump form in my throat'Cause I'm here alonе[Chorus]Just dancin' with my eyes closed'Cause everywhere I look, I still see youAnd time is movin' so slowAnd I don't know what else that I can doSo I'll keep dancin' with my[Post-Chorus]Eye-eye-eye-eyesEye-eye-eye-eyes closedEye-eye-eye-eyesSo I'll keep dancin' with my"
96,96,spotify:track:3AlfzYBSXvI5Bhbqm5iuSn,Antis,RIELL,False,0.688,0.56,11,-7.831,0.051,0.562,0.0,0.337,0.219,120.128,46,"[Verse]Someone says a joke, and it’s funny so I laugh, but I didn’t feel itMy ex hit me up so I cried but I didn’t mean itAnd I think that I kinda like this not really feelingAntis got me some type of way[Chorus]I’m floating up in spaceNobody’s real this wayI might be not okayBut it doesn’t feel that way when I medicate[Verse]Now it’s been a while since I tried to let out all the pain through bleedingThink this is a first, a full night of me truly sleepingYeah I miss the highs, but I’m scared to feel all my feelingsAntis got to go some day[Chorus]I’m floating up in spaceNobody’s real this wayI might be not okayBut it doesn’t feel that way when I medicateI’m hoping with therapyMy mind will stop hating meI might be fine one dayBut it doesn’t feel that way whеn I medicate"
98,98,spotify:track:1rrqJ9QkOBYJlsZgqqwxgB,Rush,Ayra Starr,False,0.792,0.503,1,-8.044,0.0626,0.0369,0.00057,0.0959,0.381,99.97,79,"[Intro]VibezTa-ta-riTa-ta-ri-pa, ta-ta-riTa-ta-ri-pa, ta-ta-ri, pa[Verse 1]Sabi girl no dey too like talkAnimals dey in human formPadi man, nobody like workBut you must hustle if you wan chopE no finish, dem wan fight usIf dem dey run, dem no fit catch upI no dey form say I too righteousNo come dey form say you too like us[Pre-Chorus]Me no get the time for the hate and the bad energyGot my mind on my moneyMake you dance like Poco LeeSteady green like broccoliSteady on my grind no wan hear what they wan telly meKudi na my fantasyDem wan dey check if my tap e no rush[Chorus]But e dey rush (E dey rush)E dеy rush well well, e bе much (E be much)Na God dey make my tap, e dey rushThe kind money we touch, yeahE dey rush (E dey rush)E dey rush well well, e be much (E be much)No be hype, everybody dey crushThere's no dulling with us (There's no dulling with us)"
100,100,spotify:track:76OGwb5RA9h4FxQPT33ekc,SNAP,Rosa Linn,False,0.565,0.636,0,-8.198,0.0638,0.107,9.9e-06,0.447,0.525,170.01,88,"[Verse 1]It's 4 AMI can't turn my head offWishing these memories would fade, they never doTurns out people lieThey said, ""Just snap your fingers""As if it was really that easy for me to get over you[Pre-Chorus]I just need time[Chorus]Snappin' one, twoWhere are you?You're still in my heartSnappin' three, fourDon't need you here anymoreGet out of my heart'Cause I might snap[Verse 2]I'm writin' a songSaid, ""This is the last one""How many last songs are left? I'm losing countSince June 22ndMy heart's been on fireI've been spendin' my nights in the rain tryin' to put it out"
103,103,spotify:track:4k6Uh1HXdhtusDW5y8Gbvy,Bad Habit,Steve Lacy,True,0.686,0.494,1,-7.093,0.0355,0.613,5.8e-05,0.402,0.7,168.946,83,"[Intro: Steve Lacy & Fousheé]I wish I knew you wanted meI wish I knewI wish I knew you wanted meI wish I knewI wish I knew you wanted me[Verse 1: Steve Lacy]What you, ooh, uh, what you do?Made a move, could've made a moveIf I knew I'd be with youIs it too late to pursue?[Chorus: Steve Lacy]I bite my tongue, it's a bad habitKinda mad that I didn't take a stab at itThought you were too good for me, my dearNever gave me time of day, my dearIt's okay, things happen forReasons that I think are sure, yeah[Post-Chorus: Steve Lacy & Fousheé]I wish I knewI wish I knew you wanted me (I wish I knew)I wish I knew (Oh)I wish I knew you wanted meI wish I knew (Yeah)I wish I knew you wanted me (Oh)I wish I knewI wish I knew you wanted me"
104,104,spotify:track:7sliFe6W30tPBPh6dvZsIH,Area Codes,Kaliii,True,0.823,0.388,1,-10.867,0.491,0.0187,0.0,0.0876,0.507,154.569,82,"[Intro]Yeah, yeah (28Shit)KaliYou know I love me a motherfuckin' trick (Yeah)[Verse 1]Got a white boy on my rosterHe be feeding me pasta and lobsterHe just hit me up on Tuesday like, ""What you doing, bae?Let me take you shoppin'"" (Brr)I told him, ""Well, I'm a little busy"" (Damn)He said, ""Damn, I'm in your city (Fuck)But anyway, it's okay, hope you have a good dayI'ma send you 'bout eight fifty"" (Ooh)Then I told him, ""You treat me so well"" (Uh)He said, ""Cash App or Zelle? (Ching)Matter of fact, scratch that, I'ma send you a stackJust cause you fine as hell""And I told him, ""Well, thank you, baby"" (Thank you)""Anything for my favorite lady"" (Ooh)Well, I gotta go, they just let me knowThat I could pick up my Mercedes (Skrrt)[Chorus]I got hoes (Might just be your nigga)In different area codes (He know what's up)Everywhere I go (Every time I pop out)I call and they drop the lo' (Come drop that fuckin' location)'Cause I got hoes (Might just be your bitch)In different area codes (She know what's up)Some of 'em bros (Could be your daddy)And I'm big pimpin' 'cause they know (They know what's up)"
105,105,spotify:track:1ERFhctkk5lhGZAStRmcQE,Best U Had,Gloria Kim,False,0.569,0.849,0,-6.589,0.124,0.25,4.07e-05,0.154,0.356,165.962,46,{Verse 1}It’s strangeThis feelingSeeing you here after 7 whole yearsI’d sworeI’d loathe youFor wasting my time and all of my tears{Pre}Oh youYou got some nerve to call me out and say helloYou play it cool but I see through the way you areYou got some nerve to show your face here all aloneAll alone{Chorus}I know I’m the best you ever hadNow you gotta liveLive with thatCouldn’t find no one that’s quite like meCouldn’t fill my void easilyI know I’m the best you ever hadNow you wonder why I won’t go backCouldn’t lose myself again to youI’m the best you had and we both knew
106,106,spotify:track:1xK59OXxi2TAAAbmZK0kBL,Romantic Homicide,d4vd,False,0.571,0.544,6,-10.613,0.0299,0.453,0.00805,0.322,0.216,132.052,90,"[Verse 1]I'm scared (Oh-oh-oh)It feels like you don't care (Ooh-ooh)Enlighten me, my dear  (Ooh-ooh-ooh)Why am I still here? Mm (Oh-oh)I don't mean to beComplacent with the decisions you madeBut why? Mm[Verse 2]In the back of my mindYou diedAnd I didn't even cryNo, not a single tearAnd I'm sick of waiting patientlyFor someone that won't even arrive[Bridge]Ooh-ooh-ooh-ooh-ooh-oh[Verse 3]In the back of my mindI killed youAnd I didn't even regret itI can't believe I said itBut it's trueI hate you"
109,109,spotify:track:6abqqL8a4GPxy4EtiJ6chW,Love So Good,Jaeger,True,0.57,0.659,9,-6.852,0.0665,0.0558,0.0,0.0964,0.434,148.022,38,"[Verse 1]Does he hold you the way I used to?She can’t do it the way that you do(The way that you do)The way that you doYou’re running through my mind like voodooDo you regret the chance that you blew?‘Cause I know that I do[Pre-Chorus]I’d rather be with you, you, youYour brown eyes over blue, blue, blueShe says that it takes two (my love)But my thoughts lead back to you, you, youI’d rather be with you, you, youYour brown eyes over blue, blue, blueShe says that it takes two (my love)But my thoughts lead back to you, you, you[Chorus]Love so good, got me feelin' likе a bad guyTell you how to move, girl your body got me so highI fuckеd up, tell me baby do you want us too?I fucked up, baby she ain’t even half of you"
110,110,spotify:track:4tRhRLBxIZ34Iw0eCuiC03,Miss You,southstar,True,0.663,0.559,6,-12.876,0.0391,0.136,0.0894,0.108,0.296,145.007,73,"[Verse: Julian Perretta]Don't remind meI'm mindin' my own damn businessDon't try to find meI'm better left alone than in thisIt doesn't surprise meDo you really think that I could care?If you really don't like meFind somebody else, it could be anyone else out there[Chorus: Julian Perretta]Don't fretI don't ever wanna see youAnd I never wanna meet you againOne thingWhen you're angry, you're a jerkAnd then you treat me like I'm worth nothin'Don't fretI don't ever wanna see youAnd I nеver wanna meet you againIt'll happen againI watch it happen ovеr and over againDon't fretI don't ever wanna see youAnd I never wanna meet you againOne thingWhen you're angry, you're a jerkAnd then you treat me like I'm worth nothin'"
112,112,spotify:track:5odlY52u43F5BjByhxg7wg,golden hour,JVKE,False,0.515,0.593,4,-4.801,0.0322,0.653,0.162,0.25,0.153,94.467,86,"[Verse 1]It was just two loversSittin' in the car, listenin' to BlondeFallin' for each otherPink and orange skies, feelin' super childishNo Donald GloverMissed call from my motherLike, ""Where you at tonight?""Got no alibi[Pre-Chorus]I was all alone with the love of my lifeShe's got glitter for skinMy radiant beam in the nightI don't need no light to see you[Chorus]ShineIt's your golden hour (Oh-oh-oh)You slow down timeIn your golden hour (Oh-oh-oh)[Verse 2]We were just two loversFeet up on the dash, drivin' nowhere fastBurnin' through the summerRadio on blast, make the moment last, she got solar powerMinutes feel like hoursShe knew she was the baddestCan you even imagine fallin' like I did?"
114,114,spotify:track:1PckUlxKqWQs3RlWXVBLw3,About Damn Time,Lizzo,True,0.836,0.743,10,-6.305,0.0656,0.0995,0.0,0.335,0.722,108.966,78,"[Intro]Anyway[Verse 1]It's bad bitch o'clock, yeah, it's thick-thirtyI've been through a lot, but I'm still flirty (Okay)Is everybody back up in the buildin'?It's been a minute, tell me how you're healin''Cause I'm about to get into my feelingsHow you feelin'? How you feel right now?[Pre-Chorus]Oh, I been so down and under pressureI'm way too fine to be this stressed, yeahOh, I'm not the girl I was or used to be, uhBitch, I might be better[Chorus]Turn up the music, turn down the lightsI got a feelin' I'm gon' be alrightOkay (Okay), alrightIt's about damn time (Time)Turn up the music, let's celebrate (Alright)I got a feelin' I'm gon' be okayOkay (Okay), alrightIt's about damn time"
115,115,spotify:track:5ww2BF9slyYgNOk37BlC4u,La Bachata,Manuel Turizo,False,0.835,0.679,7,-5.329,0.0364,0.583,1.98e-06,0.218,0.85,124.98,86,"[Letra de ""La Bachata""][Verso 1]Te bloqueé de Insta, pero por otra cuenta veo tus historias (Oh-oh-oh)Tu número lo borré; no sé pa' qué si me lo sé de memoriaMe hiciste daño, y así te extrañoY aunque sé que un día te voy a olvidarAún no lo hago, es complicadoTo' lo que hicimo' me gusta recordar[Coro]Ando manejando por las calles que me besasteOyendo las canciones que un día me dedicasteTe diría que volvieras, pero eso no se pideMejor le pido a Dios que me cuidePorque ando manejando por las calles que me besasteOyendo las canciones que un día me dedicasteTe diría que volvieras, pero eso no se pideMejor le pido a Dios que me cuide, eh[Verso 2]Que me cuide de otra que se parezca a tiNo quiero caer como hice por tiOjalá te enamore, te haga lo mismo que me hiciste a míTú me enseñaste a no amar a cualquieraY también cómo no quiero que me quieranNo-oh-oh, éramos tres en una relación de dosNo te perdono, pídele perdón a DiosDije que te olvidé y la verdad e' que yo-oh-ohYo-oh-oh"
116,116,spotify:track:0iCsRcu5mugWVlCMpD7wb1,K Toven,Kaliii,True,0.669,0.73,1,-8.574,0.206,0.354,0.00388,0.204,0.457,149.897,68,"[Intro]Kaliii[Chorus]Heard them bitches say they outsideWhere they at? We gon' slide (Where they at?)Runnin' through his bag like it's mineSaid I love him, I was lyin' (Haha)Got a whole squad full of dimes (What?)Who bombs? Not mine (Not mine)Bitch call my phone 'bout a nigga (Brrt)I got her mad (What?) I declined (Haha)[Verse 1]Ayy, this pussy gon' drive you wild (Yeah)Why broke bitches always so loud?Boy never got your kids, bitch, get your child (Haha)Don't touch my hair but we can get wild (Wild)Ayy, like dum, du-du-dum-dumEvery day, a new bitch mad, where you come from?Botched ass body, bitch built like a Dum DumPressed 'bout a broke nigga[Chorus]Heard them bitches say they outsideWhere they at? We gon' slide (Where they at?)Runnin' through his bag like it's mineSaid I love him, I was lyin' (Haha)Got a whole squad full of dimes (What?)Who bombs? Not mine (Not mine)Bitch call my phone 'bout a nigga (Brrt)I got her mad (What?) I declined (Uh-huh)"
120,120,spotify:track:7mFj0LlWtEJaEigguaWqYh,Sweetest Pie,Megan Thee Stallion,True,0.814,0.628,7,-7.178,0.221,0.167,0.0,0.101,0.677,123.977,73,"[Intro: Dua Lipa](Mano)You've never been to Heaven, have you?(OG Parker)[Chorus: Dua Lipa & Megan Thee Stallion]Ooh, this the ride of your lifeHold on 'cause, baby, I mightI might just give you a bite of the sweetest pie (Yeah, yeah, yeah, ah)Ooh, baby, we can go fastI'll drive and you just lay backI got the flavour that lasts, yeah, the sweetest pie (Uh-huh, uh-huh)I might take you home with this, I might give you all of it (Yeah)Come get your dose of the sweetest pieOoh, this the ride of your lifeHold on 'cause, baby, I mightI might just give you a bite of the sweetest pie (Uh-huh, uh-huh)[Verse 1: Megan Thee Stallion]Baby, I'm the sweetest, pussy is the meanest (Yeah)Hot girl shit, but I'm cold every season (But I'm)Know he got that pipe, let him bust it 'til it's leakin' (Yeah, mwah)Booty like a pillow, he can use it while he's sleepin' (Look)Don't be goin' through my phone 'cause that's the old me (Old me)Ain't the only one tryna be my one and only (Tryna)Real thick, movin' slow, that body like codeineHe a player, but for Megan, he cuttin' the whole team (Hey, hey, hey, hey)That body lookin' nice (Lookin' nice)I got cake and I know he want a sliceI wish a nigga would try to put me on ice (Brrr)I ain't never had to chase dick in my life (Dick in my life)I like that nasty, that freaky stuff (Freaky stuff)Slip under my bed and keep me up (Hey)That Hansel and Gretel, let him eat me up (Ah)Uh, uh, uh, uh, uh"
121,121,spotify:track:2bdVgAQgosGUJoViVDNeOV,LIMBO,keshi,True,0.577,0.366,8,-11.792,0.0368,0.879,7.76e-05,0.137,0.0841,129.923,82,"[Intro]OohOoh-ooh-ooh-oohOoh-ooh-ooh-ooh, oohOoh-ooh, oohOoh-ooh-ooh-ooh, oohOoh-ooh, ooh[Verse 1]I just been goin' through motions, back and forth like a oceanI am a fraud, I am the shit, hoping that nobody noticeBang chest in the morning, head down in the nightDrink less if I wanted, strike up with the lightAnd square up, I’m the mightestMyself in the fight, hurt twice but I tried itNo advice for this shit, might die for this shitDo I feel alive, feel alive, feel alive?[Chorus]Feel more like limbo, hands out my windowChasin' that sunset, that's more my tempoYeah, that’s more my tempoOoh, but this is all that I amI only show you the best of meThe best of me"
122,122,spotify:track:6yFClefWHhbFQweL76gBAK,Quite A Shame,Besomorph,False,0.507,0.503,4,-7.848,0.0522,0.631,0.0,0.322,0.447,82.253,52,"[Verse 1]Well, isn't this just quite a shame?How we don't line up the sameIf you take me for a foolI pity you in many waysDid you think that I was blind?And I couldn't see the signs?Of you being intertwined, oh[Pre-Chorus]Once upon a time I made excuses for your uses, thinking we could have some funImagined how forever looked so good on us, but in the end you would up and run[Chorus]So baby, go and cry for me some moreBegging from your knees to say, ""I'm yours""It's hard to just forgive, forget the damage doneSo cry for me some moreI'm not gonna waste another tеarNot gonna let you in, won't let you nearIt's hard to just forgivе, forget the damage doneSo cry for me, my dear[Verse 2]You were great at promisesOnes you couldn't keep for usIf I only knew back thenWould've left you high and dryDid you have her just because?When I was more than enoughGot you playing with my heartNow I'll rip you all apart"
123,123,spotify:track:6xGruZOHLs39ZbVccQTuPZ,Glimpse of Us,Joji,False,0.44,0.317,8,-9.258,0.0531,0.891,4.78e-06,0.141,0.268,169.914,84,"[Verse 1]She'd take the world off my shouldersIf it was ever hard to moveShe'd turn the rain to a rainbowWhen I was living in the blueWhy then, if she's so perfectDo I still wish that it was you?Perfect don't mean that it's workin'So what can I do? (Ooh)[Pre-Chorus]When you're out of sightIn my mind[Chorus]'Cause sometimes, I look in her eyesAnd that's where I find a glimpse of usAnd I try to fall for her touchBut I'm thinkin' of the way it wasSaid I'm fine and said I moved onI'm only here passing time in her armsHopin' I'll find a glimpse of us[Verse 2]Tell me he savors your gloryDoes he laugh the way I did?Is this a part of your story?One that I had never livedMaybe one day, you'll feel lonelyAnd in his eyes, you'll get a glimpseMaybe you'll start slippin' slowly and find me again"
127,127,spotify:track:5IgjP7X4th6nMNDh4akUHb,Under The Influence,Chris Brown,True,0.733,0.69,9,-5.529,0.0427,0.0635,1.18e-06,0.105,0.31,116.992,88,"[Intro]Kido, KidoK-K-Kido on the beat, better run it back[Verse 1]Fuckin' RobitussinI don't know why this shit got me lazy right now, yeahCan't do Percocets or Molly (Molly)I'm turnin' one, tryna live it up here right, right, right[Pre-Chorus]Baby, you canRide it, ooh, yeahBring it over to my placeAnd you be like""Baby, who cares?""But I know you careBring it over to my place[Chorus]You don't know what you did, did to meYour body lightweight, speaks to meI don't know what you did, did to meYour body lightweight, speaks to me[Post-Chorus]('Cane on it)YeahYeah (Yeah)"
129,129,spotify:track:6GGtHZgBycCgGBUhZo81xe,Say Yes To Heaven,Lana Del Rey,False,0.49,0.352,6,-11.577,0.0254,0.709,0.0856,0.114,0.166,99.992,89,"[Verse 1]If you dance, I'll danceAnd if you don't, I'll dance anywayGive peace a chanceLet the fear you have fall away[Pre-Chorus]I've got my eye on youI've got my eye on you[Chorus]Say yes to HeavenSay yes to meSay yes to HeavenSay yes to me[Verse 2]If you go, I'll stayYou come back, I'll be right hereLike a barge at seaIn the storm, I stay clear[Pre-Chorus]'Cause I've got my mind on youI've got my mind on you"
130,130,spotify:track:5MqU9NhTlMa3DxwEhE6z9J,25,RIELL,True,0.561,0.572,2,-6.303,0.156,0.143,0.0,0.0834,0.532,168.134,41,"[Verse 1]2 am drunk in the back of a New Year's partyIt's just me, Jack, Brandy, and a bit of BacardiNow I'm tryna remember what I forgot this yearHow did I come so far and still somehow end up here?I'm blacking out last year's resolutions in sharpie[Pre-Chorus]It's been the best and the worst three hundred sixty-fiveReasons why I'm unsure[Chorus]If I should laugh or if I should crySomething kinda fucked about twenty-fiveIt could be better, I should be better, IFall in and out of love with my lifeToo old to make it too young not to tryIt could be better; I should feel better, right?By twenty-fivе[Verse 2]Running late, slam my antis with coffeeHearing ‘bout how much my habits will cost meSo I spеnd all my money tryna fix my mindWhile I'm watching my friends settle down onlineI'm patiently waiting but it's taking its sweet damn timeFor my stars to align cause"
131,131,spotify:track:4zN21mbAuaD0WqtmaTZZeP,Ferrari,James Hype,False,0.847,0.69,1,-7.877,0.0493,0.0127,6e-05,0.0526,0.692,125.004,83,"[Verse]Can I be honest?I still want your hands up on my bodyYou still make my heart beat fast, FerrariWith me in the wave, but in the mornin'Do you still want me?Can I be honest?I still want your hands up on my bodyYou still make my heart beat fast, FerrariWith me in the wave, but in the mornin'Do you still want me?[Build]Do you still want me?[Drop]Can I be honest?Do you still want me?Want me[Verse]Can I be honest?I still want your hands up on my bodyYou still make my heart beat fast, FerrariWith me in the wave, but in the mornin'Do you still want me?Can I be honest?I still want your hands up on my bodyYou still make my heart beat fast, FerrariWith me in the wave, but in the mornin'Do you still want me?"
133,133,spotify:track:1qEmFfgcLObUfQm0j1W2CK,Late Night Talking,Harry Styles,False,0.714,0.728,10,-4.595,0.0468,0.298,0.0,0.106,0.901,114.996,86,"[Verse 1]Things haven't been quite the sameThere's a haze on the horizon, babeIt's only been a couple of days and I miss you, mmm, yeahWhen nothing really goes to planYou stub your toe or break your cameraI'll do everything I can to help you through[Pre-Chorus]If you're feeling down, I just wanna make you happier, babyWish I was around, I just wanna make you happier, baby[Chorus]We've been doin' all this late-night talkin''Bout anything you want until the morningNow you're in my lifeI can't get you off my mind[Verse 2]I've never been a fan of changeBut I'd follow you to any placeIf it's Hollywood or Bishopsgate, I'm coming, too[Pre-Chorus]If you're feeling down, I just wanna make you happier, babyWish I was around, I just wanna make you happiеr, baby"
136,136,spotify:track:0T5iIrXA4p5GsubkhuBIKV,Until I Found You,Stephen Sanchez,False,0.539,0.508,10,-6.05,0.0288,0.727,0.0,0.174,0.227,101.358,83,"[Verse 1: Stephen Sanchez]Georgia, wrap me up in all yourI want ya in my armsOh, let me hold yaI'll never let you go again like I didOh, I used to say[Chorus: Stephen Sanchez & Georgia Brown]I would never fall in love again until I found herI said I would never fall, unless it's you I fall intoI was lost within the darkness, but then I found herI found you[Verse 2: Stephen Sanchez & Georgia Brown]Georgia pulled me inI asked to love her once againYou fell, I caught yaI'll never let you go again like I didOh, I used to say[Chorus: Stephen Sanchez & Georgia Brown]I would never fall in love again until I found herI said I would never fall unless it's you I fall intoI was lost within the darkness, but then I found herI found you"
137,137,spotify:track:4pi1G1x8tl9VfdD9bL3maT,Big Energy,Latto,True,0.937,0.793,11,-4.431,0.115,0.0453,0.0,0.341,0.794,106.022,68,"[Intro]I got that big, big energy (Uh-huh)Got that real big energy (Energy)Hey, daddyWhen you gon' stop playin'? (Yeah)[Chorus]Bad bitch, I could be your fantasy (Yeah)I can tell you got big dick energy (Uh-huh)It ain't too many niggas that can handle me (Yeah)But I might let you try it off the Hennessy (Uh)Make 'em sing to this pussy like a melody (Make 'em sang)And if your bitch ain't right, I got the remedy (Ooh)It ain't too many niggas that can handle me (Ayy)Bad bitch, I could be your fantasy (Ayy, ayy)[Verse 1]Tell me how you want it (Huh?)Three, two, one and I'm on it (On it)Feel good, don't it? (Don't it?)Hood bitch, fuck you in a bonnet (Yeah)I'ma bust it on a pole like Onyx (Ooh)I'm just bein' honest (Uh-huh)Pussy juicy, Minutе Maid (Oh)But can't do it one minute, man (Hell no)Not a sidе or a mainI'm the only bitch he entertain (Yeah)Spendin' his mine in the bank (In the bank)I like what I see (Yeah)A boss like you need a boss like me (Uh-huh)Daddy from the street, so he move lowkeyTryna ride that mic' like karaoke (Oh)"
138,138,spotify:track:2pnc56RcJj9RVnpVGVmVKB,Memories,Coopex,False,0.59,0.668,11,-7.169,0.0949,0.506,3.94e-05,0.133,0.0857,127.87,41,"Sitting here at the place where we first metPraying for the time where we meet againYeah, I’ve tried everything just to numb the painHow can you go on like I’ve been erased?I can’t get you out of my mindThey say only time will heal meBut I would do anything, anything to feel freeI wanna feel alive for the nightForget I was ever brokenErase you from the memories, erasing all the memoriesAll these memoriesMakes it hard to breathCause I wanna be freeSo I erase, erase you from the memoriesEvery moment I think of you, I fall right backNeed a cut you off, burn the photographsMaybe you’re confused, it’s a big mistake‘Cause I’m here alone in this crowded place(I’m alone in this crowded place)I can’t get you out of my mindThey say only time will heal meBut I would do anything, anything to feel free"
139,139,spotify:track:3JvKfv6T31zO0ini8iNItO,Another Love,Tom Odell,True,0.445,0.537,4,-8.532,0.04,0.695,1.65e-05,0.0944,0.131,122.769,91,"[Verse 1]I wanna take you somewhere so you know I careBut it's so cold and I don't know whereI brought you daffodils in a pretty stringBut they won't flower like they did last springAnd I wanna kiss you, make you feel alrightI'm just so tired to share my nights[Pre-Chorus]I wanna cry and I wanna loveBut all my tears have been used up[Chorus]On another love, another loveAll my tears have been used upOn another love, another loveAll my tears have been used upOn another love, another loveAll my tears have been used upUp[Post-Chorus]Oh-oh-oh-oh-oh-oh-ohOh-oh-oh-oh-oh-oh-oh[Verse 2]And if somebody hurts you, I wanna fightBut my hand's been broken one too many timesSo I'll use my voice, I'll be so fucking rudeWords, they always win, but I know I'll loseAnd I'd sing a song that'd be just oursBut I sang 'em all to another heart"
143,143,spotify:track:3USxtqRwSYz57Ewm6wWRMp,Heat Waves,Glass Animals,False,0.761,0.525,11,-6.9,0.0944,0.44,6.7e-06,0.0921,0.531,80.87,90,"[Intro](Last night, all I think about is you)(Don't stop, baby, you can walk through)(Don't want, baby, think about you)(You know that I'm never gonna lose)Road shimmer wigglin' the visionHeat, heat waves, I'm swimmin' in a mirrorRoad shimmer wigglin' the visionHeat, heat waves, I'm swimmin' in a—[Chorus]Sometimes, all I think about is youLate nights in the middle of JuneHeat waves been fakin' me outCan't make you happier nowSometimes, all I think about is youLate nights in the middle of JuneHeat waves been fakin' me outCan't make you happier now[Verse 1]Usually, I put somethin' on TVSo we never think about you and meBut today, I see our reflections clearlyIn Hollywood, layin' on the screenYou just need a better life than thisYou need somethin' I can never giveFake water all across the roadIt's gone now, the night has come, but"
144,144,spotify:track:21szgNA72iLwvBxHQLgwBh,die first,Nessa Barrett,False,0.444,0.669,8,-6.727,0.125,0.0669,0.0,0.124,0.44,183.441,68,"[Verse 1]You're all I ever wantedSo, how come I'm still hauntedBy the thoughts inside my head?You love me, but no matter what you sayThere's only one of two waysThat this is gonna end[Pre-Chorus]Someone dies or someone gets hurtBut if one of us dies[Chorus]I hope I die first'Cause I don't wanna live without youI don't wanna ever learnHow to fall asleep without youTell me what's worseLosing you now or laterMaybe I can break the curseAnd I can be in love foreverIf I die[Verse 2]You're my fire and my safetyYou never mean to break meAnd that's why I'm afraid'Cause someday, everybody's leavingYou promise that you'll stayBut that's a promise you can't make"
146,146,spotify:track:1jEBSDN5vYViJQr78W7jr2,Light Switch,Charlie Puth,False,0.689,0.627,6,-5.692,0.308,0.105,0.000321,0.0905,0.905,184.008,79,"[Intro]Yeah[Verse 1]Why you callin' at 11:30When you only wanna do me dirty?But I hit right back'Cause you got that-that, yeahWhy you always wanna act like loversBut you never wanna be each others'?I say, ""Don't look back""But I go right back and[Pre-Chorus]All the sudden, I'm hypnotizedYou're the one that I can't denyEvery time that I say I'm gonna walk away[Chorus]You turn me on like a light switchWhen you're movin' your body around and aroundNow, I don't wanna fight this (No)You know how to just make me wantYou turn me on like a light switchWhen you're movin' your body around and aroundYou got me in a tight grip (Yeah)You know how to just make me want you, baby"
148,148,spotify:track:7fZBQnc0zXwVybgCIrQQil,Belly Dancer,Imanbek,False,0.845,0.797,1,-4.984,0.139,0.0582,5.57e-06,0.167,0.422,121.985,83,"[Intro]Hey, ladies drop it downJust want to see you touch the groundDon't be shy girl go bananzaShake ya body like a belly dancerHey ladies, drop it downJust want to see you touch the groundDon’t be shy girl go bananzaShake ya body like a belly dancer[Chorus]Hey ladies, drop it downJust want to see you touch the groundDon't be shy girl go bananzaShake ya body like a belly dancerHey ladies, drop it downJust want to see you touch the groundDon't be shy girl go bananzaShake ya body like a belly dancer[Verse 1]Yo, excuse me, beg your pardon girlDo you have any idea what you starting girlYou got me tingling, come to me minglingSteppin’ off lookin' bootylicious and jinglingWhеn you walk, I see it baby girlWhen you talk, I believе it baby girlI like that, thick-petite n' prettyLittle touch is a dittyLove to work the kitty like..."
150,150,spotify:track:4ZtFanR9U6ndgddUvNcjcG,good 4 u,Olivia Rodrigo,True,0.563,0.664,9,-5.044,0.154,0.335,0.0,0.0849,0.688,166.928,87,"[Intro](Ah)[Verse 1]Well, good for you, I guess you moved on really easilyYou found a new girl and it only took a couple weeksRemember when you said that you wanted to give me the world?(World)And good for you, I guess that you've been workin' on yourselfI guess that therapist I found for you, she really helpedNow you can be a better man for your brand-new girl (Girl)[Chorus]Well, good for youYou look happy and healthy, not meIf you ever cared to askGood for youYou're doin' great out there without me, babyGod, I wish that I could do thatI've lost my mind, I've spent the nightCryin' on the floor of my bathroomBut you're so unaffected, I really don't get itBut I guess good for you[Verse 2]Well, good for you, I guess you're gettin' everything you want (Ah)You bought a new car and your career's really takin' off (Ah)It's like we never even happenedBaby, what the fuck is up with that? (Ah)And good for you, it's like you never even met meRemember when you swore to God I was the onlyPerson who ever got you? Well, screw that, and screw youYou will never have to hurt the way you know that I do"
151,151,spotify:track:1SOClUWhOi8vHZYMz3GluK,Infinity,Jaymes Young,False,0.671,0.673,11,-6.941,0.0444,0.148,5.29e-05,0.304,0.494,121.963,82,"[Intro](Oh-oh, oh-oh-oh)(Oh-oh, oh-oh-oh)[Verse 1]Baby, this love, I'll never let it dieCan't be touched by no oneI'd like to see them try (Oh-oh)I'm a mad man for your touch (Oh-oh)Girl, I've lost control (Oh-oh-oh)I'm gonna make this last forever (Oh-oh)Don't tell me it's impossible (Oh-oh-oh)[Chorus]'Cause I love you for infinity (Oh-oh-oh)I love you for infinity (Oh-oh-oh)'Cause I love you for infinity (Oh-oh-oh)I love you for infinity (Oh-oh-oh)[Verse 2]Oh, darling, my soulYou know it aches for yoursAnd you've been filling this holeSince you were born, oh'Cause you're the reason I believe in fate (Oh-oh)You're my paradise (Oh-oh-oh)And I'll do anything to be your love (Oh-oh)I'll be your sacrifice (Oh-oh-oh)"
154,154,spotify:track:1daDRI9ahBonbWD8YcxOIB,Angels Like You,Miley Cyrus,False,0.672,0.642,5,-4.035,0.0313,0.0981,0.0,0.1,0.494,121.981,90,"[Intro]Mmm, mmm, mmm[Verse 1]Flowers in hand, waiting for meEvery word in poetryWon't call me by name, only ""baby""The more that you give, the less that I needEveryone says I look happyWhen it feels right[Chorus]I know that you're wrong for meGonna wish we never met on the day I leaveI brought you down to your knees'Cause they say that misery loves companyIt's not your fault I ruin everythingAnd it's not your fault I can't be what you needBaby, angels like you can't fly down here with me[Post-Chorus]I'm everything they said I would beLa, la, laI'm everything they said I would be[Verse 2]I'll put you down slow, love you goodbyeBefore you let go, just one more timeTake off your clothes, pretend that it's fineA little more hurt won't kill youTonight, mother says you don't look happyClose your eyes"
156,156,spotify:track:0HqZX76SFLDz2aW8aiqi7G,Bones,Imagine Dragons,False,0.773,0.742,5,-3.678,0.046,0.0206,0.0,0.0754,0.571,114.071,82,"[Verse 1]Gimme, gimme, gimme some time to thinkI'm in the bathroom, looking at meFace in the mirror is all I need (Ooh-ooh)Wait until the reaper takes my lifeNever gonna get me out aliveI will live a thousand million lives (Ooh-ooh)[Pre-Chorus]My patience is waning, is this entertaining?Our patience is waning, is this entertaining?[Chorus]I-I-I got this feeling, yeah, you knowWhere I'm losing all control'Cause there's magic in my bonesI-I-I got this feeling in my soulGo ahead and throw your stones'Cause there's magic in my bones[Verse 2]Playin' with a stick of dynamitеThere was nevеr gray in black and whiteThere was never wrong 'til there was right (Ooh-ooh)Feelin' like a boulder hurtlin'Seein' all the vultures circlin'Burnin' in the flames, I'm workin' inTurnin' in a bed, that's darkenin'"
157,157,spotify:track:5bOYVyXylwoNLEcltPAqxD,Only You,Jaeger,False,0.616,0.79,11,-7.521,0.0772,0.0181,0.0,0.122,0.584,116.925,44,[Verse 1]I was hoping that you’d fall for meBut instead I realized (I realized)The only reason here for you to beIs to try and hurt my pride[Pre-Chorus]I just wanna tell you thatThat you can have my heart tonightYour hurting brings me back to lifeYeah you know how to do it rightI just wanna tell you thatThat you can have my heart tonightYour hurting brings me back to lifeYeah you know how to do it right[Chorus]Girl only youYou make me fall in love & then you break my heartTo put it back together again (again)You wanna hold me tight but then you let me fallTo hurt me one last time again[Verse 2]Baby I know you’re no good for me (no good)I can see it in your eyes (I realized)But lately I’ve been tryna’ live my lifeBut you turned it upside down
158,158,spotify:track:5CZ40GBx1sQ9agT82CLQCT,traitor,Olivia Rodrigo,False,0.38,0.339,3,-7.885,0.0338,0.691,0.0,0.12,0.0849,100.607,88,"[Intro]Ooh-ooh-oohAh-ah-ah-ah-ah[Verse 1]Brown guilty eyes and little white lies, yeahI played dumb, but I always knewThat you talked to her, maybe did even worseI kept quiet so I could keep you[Pre-Chorus]And ain't it funny how you ran to herThe second that we called it quits?And ain't it funny how you said you were friends?Now it sure as hell don't look like it[Chorus]You betrayed meAnd I know that you'll never feel sorryFor the way I hurt, yeahYou talked to her when we were togetherLoved you at your worst, but that didn't matterIt took you two weeks to go off and date herGuess you didn't cheat, but you're still a traitor[Verse 2]Now you bring her around just to shut me downShow her off like she's a new trophyAnd I know if you were true, there's no damn way that youCould fall in love with somebody that quickly"
163,163,spotify:track:4fouWK6XVHhzl78KzQ1UjL,abcdefu,GAYLE,True,0.695,0.54,4,-5.692,0.0493,0.299,0.0,0.367,0.415,121.932,82,"[Intro]Fuck you and your mom and your sister and your jobAnd your broke-ass car and that shit you call artFuck you and your friends that I'll never see againEverybody but your dog, you can all fuck off[Verse 1]I swear I meant to mean the best when it endedEven tried to bite my tongue when you start shitNow you're textin' all my friends asking questionsThey never even liked you in the first placeDated a girl that I hate for the attentionShe only made it two days, what a connectionIt's like you'd do anythin' for my affectionYou're goin' all about it in the worst ways[Pre-Chorus]I was into you, but I'm ovеr it nowAnd I was tryna be niceBut nothing's getting through, so lеt me spell it out[Chorus]A-B-C-D-E, F youAnd your mom and your sister and your jobAnd your broke-ass car and that shit you call artFuck you and your friends that I'll never see againEverybody but your dog, you can all fuck off"
168,168,spotify:track:1cKHdTo9u0ZymJdPGSh6nq,I Was Never There,The Weeknd,False,0.323,0.737,10,-4.008,0.0338,0.142,0.000162,0.163,0.155,113.26,87,"[Verse]What makes a grown man wanna cry?(Cry, cry, cry, cry)What makes him wanna take his life?(Yeah)His happiness is never real(Real, real, real, real)And mindless sex is how he feels, ooh, he heals[Chorus]When it's time, when it's time, when it's timeIt won't matter (It don't matter)It won't matter (Matter)When it's time, when it's time, when it's time (Time, it's time, babe)It won't matter (It won't matter, babe)It won't matter (Ya)It was like he was never there(It was like he was never there)It was like he was gone in thin air, ohWhen it's time, when it's time, when it's time, oh, babyIt won't matter (It won't matter, baby)It won't matter[Post-Chorus]When it's time, when it's time, when it's timeIt won't matterIt won't matterWhen it's time, when it's time, when it's timeIt won't matterIt won't matterIt was like he was never thereIt was like he was gone in thin airWhen it's time, when it's time, when it's timeIt won't matter, it won't matter"
